bank_txn_id,txn_date,narration,deposit_inr,withdrawal_inr,balance_inr,utr_number,bank_name
BNK-TXN-1001,2026-09-06,UPI/CR/421175000100/PYMT/Razorpay Soft/pay_RZP0100/NODAL,21948.47,0.0,5441948.47,421175000100,State Bank of India
BNK-TXN-1002,2026-09-04,CMS/RAZORPAYPAYMENTS/426577000101/SETTL/pay_RZP0101,20433.3,0.0,5462381.77,426577000101,State Bank of India
BNK-TXN-1003,2026-09-10,UPI/CR/428086000102/PYMT/Razorpay Soft/pay_RZP0102/NODAL,50703.68,0.0,5513085.45,428086000102,Axis Bank
BNK-TXN-1004,2026-09-11,CMS/RAZORPAYPAYMENTS/421333000103/SETTL/pay_RZP0103,63711.81,0.0,5576797.26,421333000103,Axis Bank
BNK-TXN-1005,2026-09-04,UPI/CR/421902000104/PYMT/Razorpay Soft/pay_RZP0104/NODAL,39861.98,0.0,5616659.24,421902000104,Axis Bank
BNK-TXN-1006,2026-09-21,UPI/CR/422202000105/PYMT/Razorpay Soft/pay_RZP0105/NODAL,5326.34,0.0,5621985.58,422202000105,HDFC Bank
BNK-TXN-1007,2026-09-15,UPI/CR/421367000106/PYMT/Razorpay Soft/pay_RZP0106/NODAL,71148.22,0.0,5693133.8,421367000106,HDFC Bank
BNK-TXN-1008,2026-09-22,UPI/CR/427139000107/PYMT/Razorpay Soft/pay_RZP0107/NODAL,15790.08,0.0,5708923.88,427139000107,ICICI Bank
BNK-TXN-1009,2026-09-13,UPI/CR/428840000108/PYMT/Razorpay Soft/pay_RZP0108/NODAL,6170.82,0.0,5715094.7,428840000108,Axis Bank
BNK-TXN-1010,2026-09-09,UPI/CR/428611000109/PYMT/Razorpay Soft/pay_RZP0109/NODAL,43185.81,0.0,5758280.51,428611000109,Axis Bank
BNK-TXN-1011,2026-09-21,UPI/CR/423295000110/PYMT/Razorpay Soft/pay_RZP0110/NODAL,76468.21,0.0,5834748.72,423295000110,HDFC Bank
BNK-TXN-1012,2026-09-04,CMS/RAZORPAYPAYMENTS/427403000111/SETTL/pay_RZP0111,52619.9,0.0,5887368.62,427403000111,State Bank of India
BNK-TXN-1013,2026-09-19,UPI/CR/420765000112/PYMT/Razorpay Soft/pay_RZP0112/NODAL,73375.11,0.0,5960743.73,420765000112,Axis Bank
BNK-TXN-1014,2026-09-13,CMS/RAZORPAYPAYMENTS/420779000113/SETTL/pay_RZP0113,14359.11,0.0,5975102.84,420779000113,ICICI Bank
BNK-TXN-1015,2026-09-19,UPI/CR/426851000114/PYMT/Razorpay Soft/pay_RZP0114/NODAL,10385.3,0.0,5985488.14,426851000114,Axis Bank
BNK-TXN-1016,2026-09-08,UPI/CR/429954000115/PYMT/Razorpay Soft/pay_RZP0115/NODAL,81117.23,0.0,6066605.37,429954000115,HDFC Bank
BNK-TXN-1017,2026-09-14,UPI/CR/428225000116/PYMT/Razorpay Soft/pay_RZP0116/NODAL,83774.34,0.0,6150379.71,428225000116,HDFC Bank
BNK-TXN-1018,2026-09-05,UPI/CR/420771000117/PYMT/Razorpay Soft/pay_RZP0117/NODAL,42080.2,0.0,6192459.91,420771000117,State Bank of India
BNK-TXN-1019,2026-09-20,CMS/RAZORPAYPAYMENTS/424257000118/SETTL/pay_RZP0118,72593.55,0.0,6265053.46,424257000118,ICICI Bank
BNK-TXN-1020,2026-09-12,UPI/CR/426451000119/PYMT/Razorpay Soft/pay_RZP0119/NODAL,84594.97,0.0,6349648.43,426451000119,ICICI Bank
BNK-TXN-1021,2026-09-05,CMS/RAZORPAYPAYMENTS/425070000120/SETTL/pay_RZP0120,46625.49,0.0,6396273.92,425070000120,HDFC Bank
BNK-TXN-1022,2026-09-04,CMS/RAZORPAYPAYMENTS/422457000121/SETTL/pay_RZP0121,43383.44,0.0,6439657.36,422457000121,State Bank of India
BNK-TXN-1023,2026-09-10,UPI/CR/420634000122/PYMT/Razorpay Soft/pay_RZP0122/NODAL,35489.51,0.0,6475146.87,420634000122,HDFC Bank
BNK-TXN-1024,2026-09-06,UPI/CR/428214000123/PYMT/Razorpay Soft/pay_RZP0123/NODAL,29831.77,0.0,6504978.64,428214000123,State Bank of India
BNK-TXN-1025,2026-09-08,UPI/CR/420880000124/PYMT/Razorpay Soft/pay_RZP0124/NODAL,74519.58,0.0,6579498.22,420880000124,HDFC Bank
BNK-TXN-1026,2026-09-05,UPI/CR/422448000125/PYMT/Razorpay Soft/pay_RZP0125/NODAL,64422.72,0.0,6643920.94,422448000125,HDFC Bank
BNK-TXN-1027,2026-09-08,UPI/CR/423972000126/PYMT/Razorpay Soft/pay_RZP0126/NODAL,1679.97,0.0,6645600.91,423972000126,State Bank of India
BNK-TXN-1028,2026-09-07,CMS/RAZORPAYPAYMENTS/425570000127/SETTL/pay_RZP0127,80442.9,0.0,6726043.81,425570000127,State Bank of India
BNK-TXN-1029,2026-09-19,UPI/CR/421901000128/PYMT/Razorpay Soft/pay_RZP0128/NODAL,72702.11,0.0,6798745.92,421901000128,HDFC Bank
BNK-TXN-1030,2026-09-10,UPI/CR/428256000129/PYMT/Razorpay Soft/pay_RZP0129/NODAL,11510.53,0.0,6810256.45,428256000129,State Bank of India
BNK-TXN-1031,2026-09-21,UPI/CR/429272000130/PYMT/Razorpay Soft/pay_RZP0130/NODAL,45152.36,0.0,6855408.81,429272000130,State Bank of India
BNK-TXN-1032,2026-09-07,UPI/CR/424990000131/PYMT/Razorpay Soft/pay_RZP0131/NODAL,55399.32,0.0,6910808.13,424990000131,HDFC Bank
BNK-TXN-1033,2026-09-05,UPI/CR/422988000132/PYMT/Razorpay Soft/pay_RZP0132/NODAL,19298.39,0.0,6930106.52,422988000132,Axis Bank
BNK-TXN-1034,2026-09-12,UPI/CR/423985000133/PYMT/Razorpay Soft/pay_RZP0133/NODAL,46858.7,0.0,6976965.22,423985000133,Axis Bank
BNK-TXN-1035,2026-09-06,UPI/CR/421152000134/PYMT/Razorpay Soft/pay_RZP0134/NODAL,12713.31,0.0,6989678.53,421152000134,ICICI Bank
BNK-TXN-1036,2026-09-13,UPI/CR/425290000135/PYMT/Razorpay Soft/pay_RZP0135/NODAL,72718.22,0.0,7062396.75,425290000135,State Bank of India
BNK-TXN-1037,2026-09-11,CMS/RAZORPAYPAYMENTS/426275000136/SETTL/pay_RZP0136,64333.49,0.0,7126730.24,426275000136,State Bank of India
BNK-TXN-1038,2026-09-20,CMS/RAZORPAYPAYMENTS/426103000137/SETTL/pay_RZP0137,78514.03,0.0,7205244.27,426103000137,ICICI Bank
BNK-TXN-1039,2026-09-16,CMS/RAZORPAYPAYMENTS/429903000138/SETTL/pay_RZP0138,31194.42,0.0,7236438.69,429903000138,ICICI Bank
BNK-TXN-1040,2026-09-06,UPI/CR/424619000139/PYMT/Razorpay Soft/pay_RZP0139/NODAL,75325.25,0.0,7311763.94,424619000139,ICICI Bank
BNK-TXN-1041,2026-09-08,UPI/CR/421974000140/PYMT/Razorpay Soft/pay_RZP0140/NODAL,35926.58,0.0,7347690.52,421974000140,ICICI Bank
BNK-TXN-1042,2026-09-11,UPI/CR/428828000141/PYMT/Razorpay Soft/pay_RZP0141/NODAL,10525.98,0.0,7358216.5,428828000141,State Bank of India
BNK-TXN-1043,2026-09-14,UPI/CR/422632000142/PYMT/Razorpay Soft/pay_RZP0142/NODAL,74255.47,0.0,7432471.97,422632000142,HDFC Bank
BNK-TXN-1044,2026-09-11,UPI/CR/429591000143/PYMT/Razorpay Soft/pay_RZP0143/NODAL,34873.15,0.0,7467345.12,429591000143,Axis Bank
BNK-TXN-1045,2026-09-08,UPI/CR/422147000144/PYMT/Razorpay Soft/pay_RZP0144/NODAL,81871.62,0.0,7549216.74,422147000144,Axis Bank
BNK-TXN-1046,2026-09-16,UPI/CR/421810000145/PYMT/Razorpay Soft/pay_RZP0145/NODAL,83683.69,0.0,7632900.43,421810000145,State Bank of India
BNK-TXN-1047,2026-09-03,UPI/CR/425776000146/PYMT/Razorpay Soft/pay_RZP0146/NODAL,78785.53,0.0,7711685.96,425776000146,Axis Bank
BNK-TXN-1048,2026-09-16,UPI/CR/426619000147/PYMT/Razorpay Soft/pay_RZP0147/NODAL,78384.37,0.0,7790070.33,426619000147,Axis Bank
BNK-TXN-1049,2026-09-17,UPI/CR/422149000300/RAZORP..,25936.82,0.0,7816007.15,422149000300,ICICI Bank
BNK-TXN-1050,2026-09-23,UPI/CR/425024000301/PYMT/Razorpay/pay_FZ0201,20154.14,0.0,7836161.29,425024000301,Axis Bank
BNK-TXN-1051,2026-09-18,CMS/RAZORPAY/422497000302/SETTLEMENT,28203.11,0.0,7864364.4,422497000302,ICICI Bank
BNK-TXN-1052,2026-09-06,neft-razorpay-426387000303-pay_FZ0203,32380.76,0.0,7896745.16,426387000303,Axis Bank
BNK-TXN-1053,2026-09-11,CMS-DEP-RZP-IND-420248000304-order_FZ0204,14350.41,0.0,7911095.57,420248000304,HDFC Bank
BNK-TXN-1054,2026-09-18,NEFT / ICIC / 425733000305 / RAZORPAY / pay_FZ0205,53509.8,0.0,7964605.37,425733000305,ICICI Bank
BNK-TXN-1055,2026-09-24,UPI/CR/427714000306/RAZORP..,3316.05,0.0,7967921.42,427714000306,ICICI Bank
BNK-TXN-1056,2026-09-20,UPI/CR/422848000307/PYMT/Razorpay/pay_FZ0207,5862.45,0.0,7973783.87,422848000307,Axis Bank
BNK-TXN-1057,2026-09-18,CMS/RAZORPAY/428494000308/SETTLEMENT,49455.37,0.0,8023239.24,428494000308,ICICI Bank
BNK-TXN-1058,2026-09-19,neft-razorpay-422675000309-pay_FZ0209,17773.92,0.0,8041013.16,422675000309,ICICI Bank
BNK-TXN-1059,2026-09-12,CMS-DEP-RZP-IND-422235000310-order_FZ0210,7416.55,0.0,8048429.71,422235000310,ICICI Bank
BNK-TXN-1060,2026-09-08,NEFT / STAT / 421243000311 / RAZORPAY / pay_FZ0211,24833.01,0.0,8073262.72,421243000311,State Bank of India
BNK-TXN-1061,2026-09-18,CMS/RAZORPAYPAYMENTS/428379000500/pay_AMT0300,32009.53,0.0,8105272.25,428379000500,HDFC Bank
BNK-TXN-1062,2026-09-23,NEFT-UTIB000123-INFOSYS-INV-TDS194J-420378000501,65292.87,0.0,8170565.12,420378000501,State Bank of India
BNK-TXN-1063,2026-09-22,NEFT-HDFC000045-RELIANCE-INV-425622000502,116070.67,0.0,8286635.79,425622000502,State Bank of India
BNK-TXN-1064,2026-09-20,UPI/CR/423641000503/PYMT/Razorpay/pay_AMT0303,28628.78,0.0,8315264.57,423641000503,State Bank of India
BNK-TXN-1065,2026-09-09,CMS/RAZORPAY/425956000504/pay_AMT0304,144455.44,0.0,8459720.01,425956000504,HDFC Bank
BNK-TXN-1066,2026-09-25,CMS/RAZORPAYPAYMENTS/428123000505/pay_AMT0305,69049.97,0.0,8528769.98,428123000505,State Bank of India
BNK-TXN-1067,2026-09-15,NEFT-FLIPKART-DISCREPANT-428294000506,66687.57,0.0,8595457.55,428294000506,HDFC Bank
BNK-TXN-1068,2026-09-10,UPI/CR/425936000700/PYMT/Razorpay Soft/pay_DFT0400/HOLIDAY_DELAY,5775.33,0.0,8601232.88,425936000700,HDFC Bank
BNK-TXN-1069,2026-09-13,UPI/CR/421011000701/PYMT/Razorpay Soft/pay_DFT0401/HOLIDAY_DELAY,42984.47,0.0,8644217.35,421011000701,HDFC Bank
BNK-TXN-1070,2026-09-19,UPI/CR/424236000702/PYMT/Razorpay Soft/pay_DFT0402/HOLIDAY_DELAY,42910.28,0.0,8687127.63,424236000702,HDFC Bank
BNK-TXN-1071,2026-09-21,UPI/CR/421036000703/PYMT/Razorpay Soft/pay_DFT0403/HOLIDAY_DELAY,43588.83,0.0,8730716.46,421036000703,State Bank of India
BNK-TXN-1072,2026-09-14,UPI/CR/427066000800/PYMT/Razorpay/pay_DUP0500,17519.71,0.0,8748236.17,427066000800,HDFC Bank
BNK-TXN-1073,2026-09-15,UPI/CR/423687000801/PYMT/Razorpay/pay_DUP0501,24732.63,0.0,8772968.8,423687000801,HDFC Bank
BNK-TXN-1074,2026-09-15,UPI/CR/423687000801/PYMT/Razorpay/pay_DUP0501/RETRY,24732.63,0.0,8797701.43,423687000801,HDFC Bank
BNK-TXN-1075,2026-09-16,UPI/CR/424353000802/PYMT/Razorpay/pay_DUP0502,16332.89,0.0,8814034.32,424353000802,State Bank of India
BNK-TXN-1076,2026-09-17,CMS/RAZORPAYPAYMENTS/558196000900/BATCH_NODAL_pay_SP,39962.02,0.0,8853996.34,558196000900,State Bank of India
BNK-TXN-1077,2026-09-18,CMS/RAZORPAYPAYMENTS/557928000901/BATCH_NODAL_pay_SP,43435.77,0.0,8897432.11,557928000901,State Bank of India
BNK-TXN-1078,2026-09-19,CMS/RAZORPAYPAYMENTS/555329000902/BATCH_NODAL_pay_SP,39065.91,0.0,8936498.02,555329000902,Axis Bank
BNK-TXN-1079,2026-09-27,NEFT-DIRECT-UNIDENTIFIED-CREDIT-994630000991,18500.0,0.0,8954998.02,994630000991,HDFC Bank
BNK-TEST-UNIT,2026-09-30,UPI/CR/429900112233/TEST/Razorpay,5000.0,0.0,0.0,429900112233,ICICI Bank
