settlement_id,settlement_date,payment_id,order_id,method,gross_amount_inr,fee_inr,tax_gst_inr,net_amount_inr,utr_number,status
SET-5001,2026-09-05,pay_RZP0100,order_ORD0100,UPI,21948.47,0.0,0.0,21948.47,421175000100,settled
SET-5002,2026-09-03,pay_RZP0101,order_ORD0101,credit_card,20927.18,418.54,75.34,20433.3,426577000101,settled
SET-5003,2026-09-09,pay_RZP0102,order_ORD0102,UPI,50703.68,0.0,0.0,50703.68,428086000102,settled
SET-5004,2026-09-10,pay_RZP0103,order_ORD0103,credit_card,65251.76,1305.04,234.91,63711.81,421333000103,settled
SET-5005,2026-09-03,pay_RZP0104,order_ORD0104,UPI,39861.98,0.0,0.0,39861.98,421902000104,settled
SET-5006,2026-09-20,pay_RZP0105,order_ORD0105,UPI,5326.34,0.0,0.0,5326.34,422202000105,settled
SET-5007,2026-09-14,pay_RZP0106,order_ORD0106,UPI,71148.22,0.0,0.0,71148.22,421367000106,settled
SET-5008,2026-09-21,pay_RZP0107,order_ORD0107,UPI,15790.08,0.0,0.0,15790.08,427139000107,settled
SET-5009,2026-09-12,pay_RZP0108,order_ORD0108,UPI,6170.82,0.0,0.0,6170.82,428840000108,settled
SET-5010,2026-09-08,pay_RZP0109,order_ORD0109,UPI,43185.81,0.0,0.0,43185.81,428611000109,settled
SET-5011,2026-09-20,pay_RZP0110,order_ORD0110,UPI,76468.21,0.0,0.0,76468.21,423295000110,settled
SET-5012,2026-09-03,pay_RZP0111,order_ORD0111,credit_card,53891.74,1077.83,194.01,52619.9,427403000111,settled
SET-5013,2026-09-18,pay_RZP0112,order_ORD0112,UPI,73375.11,0.0,0.0,73375.11,420765000112,settled
SET-5014,2026-09-12,pay_RZP0113,order_ORD0113,credit_card,14706.17,294.12,52.94,14359.11,420779000113,settled
SET-5015,2026-09-18,pay_RZP0114,order_ORD0114,UPI,10385.3,0.0,0.0,10385.3,426851000114,settled
SET-5016,2026-09-07,pay_RZP0115,order_ORD0115,UPI,81117.23,0.0,0.0,81117.23,429954000115,settled
SET-5017,2026-09-13,pay_RZP0116,order_ORD0116,UPI,83774.34,0.0,0.0,83774.34,428225000116,settled
SET-5018,2026-09-04,pay_RZP0117,order_ORD0117,UPI,42080.2,0.0,0.0,42080.2,420771000117,settled
SET-5019,2026-09-19,pay_RZP0118,order_ORD0118,credit_card,74348.16,1486.96,267.65,72593.55,424257000118,settled
SET-5020,2026-09-11,pay_RZP0119,order_ORD0119,UPI,84594.97,0.0,0.0,84594.97,426451000119,settled
SET-5021,2026-09-04,pay_RZP0120,order_ORD0120,credit_card,47752.45,955.05,171.91,46625.49,425070000120,settled
SET-5022,2026-09-03,pay_RZP0121,order_ORD0121,credit_card,44432.04,888.64,159.96,43383.44,422457000121,settled
SET-5023,2026-09-09,pay_RZP0122,order_ORD0122,UPI,35489.51,0.0,0.0,35489.51,420634000122,settled
SET-5024,2026-09-05,pay_RZP0123,order_ORD0123,UPI,29831.77,0.0,0.0,29831.77,428214000123,settled
SET-5025,2026-09-07,pay_RZP0124,order_ORD0124,UPI,74519.58,0.0,0.0,74519.58,420880000124,settled
SET-5026,2026-09-04,pay_RZP0125,order_ORD0125,UPI,64422.72,0.0,0.0,64422.72,422448000125,settled
SET-5027,2026-09-07,pay_RZP0126,order_ORD0126,UPI,1679.97,0.0,0.0,1679.97,423972000126,settled
SET-5028,2026-09-06,pay_RZP0127,order_ORD0127,credit_card,82387.23,1647.74,296.59,80442.9,425570000127,settled
SET-5029,2026-09-18,pay_RZP0128,order_ORD0128,UPI,72702.11,0.0,0.0,72702.11,421901000128,settled
SET-5030,2026-09-09,pay_RZP0129,order_ORD0129,UPI,11510.53,0.0,0.0,11510.53,428256000129,settled
SET-5031,2026-09-20,pay_RZP0130,order_ORD0130,UPI,45152.36,0.0,0.0,45152.36,429272000130,settled
SET-5032,2026-09-06,pay_RZP0131,order_ORD0131,UPI,55399.32,0.0,0.0,55399.32,424990000131,settled
SET-5033,2026-09-04,pay_RZP0132,order_ORD0132,UPI,19298.39,0.0,0.0,19298.39,422988000132,settled
SET-5034,2026-09-11,pay_RZP0133,order_ORD0133,UPI,46858.7,0.0,0.0,46858.7,423985000133,settled
SET-5035,2026-09-05,pay_RZP0134,order_ORD0134,UPI,12713.31,0.0,0.0,12713.31,421152000134,settled
SET-5036,2026-09-12,pay_RZP0135,order_ORD0135,UPI,72718.22,0.0,0.0,72718.22,425290000135,settled
SET-5037,2026-09-10,pay_RZP0136,order_ORD0136,credit_card,65888.46,1317.77,237.2,64333.49,426275000136,settled
SET-5038,2026-09-19,pay_RZP0137,order_ORD0137,credit_card,80411.75,1608.24,289.48,78514.03,426103000137,settled
SET-5039,2026-09-15,pay_RZP0138,order_ORD0138,credit_card,31948.4,638.97,115.01,31194.42,429903000138,settled
SET-5040,2026-09-05,pay_RZP0139,order_ORD0139,UPI,75325.25,0.0,0.0,75325.25,424619000139,settled
SET-5041,2026-09-07,pay_RZP0140,order_ORD0140,UPI,35926.58,0.0,0.0,35926.58,421974000140,settled
SET-5042,2026-09-10,pay_RZP0141,order_ORD0141,UPI,10525.98,0.0,0.0,10525.98,428828000141,settled
SET-5043,2026-09-13,pay_RZP0142,order_ORD0142,UPI,74255.47,0.0,0.0,74255.47,422632000142,settled
SET-5044,2026-09-10,pay_RZP0143,order_ORD0143,UPI,34873.15,0.0,0.0,34873.15,429591000143,settled
SET-5045,2026-09-07,pay_RZP0144,order_ORD0144,UPI,81871.62,0.0,0.0,81871.62,422147000144,settled
SET-5046,2026-09-15,pay_RZP0145,order_ORD0145,UPI,83683.69,0.0,0.0,83683.69,421810000145,settled
SET-5047,2026-09-02,pay_RZP0146,order_ORD0146,UPI,78785.53,0.0,0.0,78785.53,425776000146,settled
SET-5048,2026-09-15,pay_RZP0147,order_ORD0147,UPI,78384.37,0.0,0.0,78384.37,426619000147,settled
SET-5049,2026-09-16,pay_FZ0200,order_FZ0200,UPI,25936.82,0.0,0.0,25936.82,422149000300,settled
SET-5050,2026-09-22,pay_FZ0201,order_FZ0201,UPI,20154.14,0.0,0.0,20154.14,425024000301,settled
SET-5051,2026-09-17,pay_FZ0202,order_FZ0202,UPI,28203.11,0.0,0.0,28203.11,422497000302,settled
SET-5052,2026-09-05,pay_FZ0203,order_FZ0203,UPI,32380.76,0.0,0.0,32380.76,426387000303,settled
SET-5053,2026-09-10,pay_FZ0204,order_FZ0204,UPI,14350.41,0.0,0.0,14350.41,420248000304,settled
SET-5054,2026-09-17,pay_FZ0205,order_FZ0205,UPI,53509.8,0.0,0.0,53509.8,425733000305,settled
SET-5055,2026-09-23,pay_FZ0206,order_FZ0206,UPI,3316.05,0.0,0.0,3316.05,427714000306,settled
SET-5056,2026-09-19,pay_FZ0207,order_FZ0207,UPI,5862.45,0.0,0.0,5862.45,422848000307,settled
SET-5057,2026-09-17,pay_FZ0208,order_FZ0208,UPI,49455.37,0.0,0.0,49455.37,428494000308,settled
SET-5058,2026-09-18,pay_FZ0209,order_FZ0209,UPI,17773.92,0.0,0.0,17773.92,422675000309,settled
SET-5059,2026-09-11,pay_FZ0210,order_FZ0210,UPI,7416.55,0.0,0.0,7416.55,422235000310,settled
SET-5060,2026-09-07,pay_FZ0211,order_FZ0211,UPI,24833.01,0.0,0.0,24833.01,421243000311,settled
SET-5061,2026-09-17,pay_AMT0300,order_AMT0300,credit_card,32783.21,655.66,118.02,32009.53,428379000500,settled
SET-5062,2026-09-22,pay_AMT0301,order_AMT0301,NEFT,65292.87,0.0,0.0,65292.87,420378000501,settled
SET-5063,2026-09-21,pay_AMT0302,order_AMT0302,NEFT,116070.67,0.0,0.0,116070.67,425622000502,settled
SET-5064,2026-09-19,pay_AMT0303,order_AMT0303,UPI,28628.1,0.0,0.0,28628.1,423641000503,settled
SET-5065,2026-09-08,pay_AMT0304,order_AMT0304,netbanking,147590.25,2656.62,478.19,144455.44,425956000504,settled
SET-5066,2026-09-24,pay_AMT0305,order_AMT0305,corporate_card,70718.94,1414.38,254.59,69049.97,428123000505,settled
SET-5067,2026-09-14,pay_AMT0306,order_AMT0306,UPI,66687.57,0.0,0.0,66687.57,428294000506,settled
SET-5068,2026-09-06,pay_DFT0400,order_DFT0400,UPI,5775.33,0.0,0.0,5775.33,425936000700,settled
SET-5069,2026-09-10,pay_DFT0401,order_DFT0401,UPI,42984.47,0.0,0.0,42984.47,421011000701,settled
SET-5070,2026-09-14,pay_DFT0402,order_DFT0402,UPI,42910.28,0.0,0.0,42910.28,424236000702,settled
SET-5071,2026-09-18,pay_DFT0403,order_DFT0403,UPI,43588.83,0.0,0.0,43588.83,421036000703,settled
SET-5072,2026-09-13,pay_DUP0500,order_DUP0500,UPI,17519.71,0.0,0.0,17519.71,427066000800,settled
SET-5073,2026-09-13,pay_DUP0500,order_DUP0500,UPI,17519.71,0.0,0.0,17519.71,427066000800,settled
SET-5074,2026-09-14,pay_DUP0501,order_DUP0501,UPI,24732.63,0.0,0.0,24732.63,423687000801,settled
SET-5075,2026-09-15,pay_DUP0502,order_DUP0502,UPI,16332.89,0.0,0.0,16332.89,424353000802,settled
SET-5076,2026-09-16,pay_SPL1_00,order_SPL1_00,card,20609.63,412.19,74.19,20123.25,558196000900,settled
SET-5077,2026-09-16,pay_SPL2_00,order_SPL2_00,UPI,19838.77,0.0,0.0,19838.77,558196000900,settled
SET-5078,2026-09-17,pay_SPL1_01,order_SPL1_01,card,16973.11,339.46,61.1,16572.55,557928000901,settled
SET-5079,2026-09-17,pay_SPL2_01,order_SPL2_01,UPI,26863.22,0.0,0.0,26863.22,557928000901,settled
SET-5080,2026-09-18,pay_SPL1_02,order_SPL1_02,card,23224.47,464.49,83.61,22676.37,555329000902,settled
SET-5081,2026-09-18,pay_SPL2_02,order_SPL2_02,UPI,16389.54,0.0,0.0,16389.54,555329000902,settled
SET-5082,2026-09-28,pay_ORPHAN_NODAL_992,order_ORPHAN_992,UPI,14200.0,0.0,0.0,14200.0,998127000992,settled
