invoice_id,invoice_date,customer_name,customer_type,gross_amount_inr,tds_rate_percent,tds_amount_inr,expected_net_inr,order_ref,due_date,status
INV-2026-2001,2026-09-05,Swiggy Technologies Pvt Ltd,B2B,21948.47,0.0,0.0,21948.47,order_ORD0100,2026-09-20,paid
INV-2026-2002,2026-09-03,Swiggy Technologies Pvt Ltd,B2B,20927.18,0.0,0.0,20927.18,order_ORD0101,2026-09-18,paid
INV-2026-2003,2026-09-09,Rohan Verma,B2C,50703.68,0.0,0.0,50703.68,order_ORD0102,2026-09-24,paid
INV-2026-2004,2026-09-10,Flipkart India Pvt Ltd,B2B,65251.76,0.0,0.0,65251.76,order_ORD0103,2026-09-25,paid
INV-2026-2005,2026-09-03,Arjun Patel,B2C,39861.98,0.0,0.0,39861.98,order_ORD0104,2026-09-18,paid
INV-2026-2006,2026-09-20,Tata Consultancy Services,B2B,5326.34,0.0,0.0,5326.34,order_ORD0105,2026-10-05,paid
INV-2026-2007,2026-09-14,Infosys Limited,B2B,71148.22,0.0,0.0,71148.22,order_ORD0106,2026-09-29,paid
INV-2026-2008,2026-09-21,Kavita Sundaram,B2C,15790.08,0.0,0.0,15790.08,order_ORD0107,2026-10-06,paid
INV-2026-2009,2026-09-12,Pine Labs Pvt Ltd,B2B,6170.82,0.0,0.0,6170.82,order_ORD0108,2026-09-27,paid
INV-2026-2010,2026-09-08,Kavita Sundaram,B2C,43185.81,0.0,0.0,43185.81,order_ORD0109,2026-09-23,paid
INV-2026-2011,2026-09-20,Ananya Sharma,B2C,76468.21,0.0,0.0,76468.21,order_ORD0110,2026-10-05,paid
INV-2026-2012,2026-09-03,Pine Labs Pvt Ltd,B2B,53891.74,0.0,0.0,53891.74,order_ORD0111,2026-09-18,paid
INV-2026-2013,2026-09-18,Infosys Limited,B2B,73375.11,0.0,0.0,73375.11,order_ORD0112,2026-10-03,paid
INV-2026-2014,2026-09-12,Zomato Media Ltd,B2B,14706.17,0.0,0.0,14706.17,order_ORD0113,2026-09-27,paid
INV-2026-2015,2026-09-18,Meera Krishnan,B2C,10385.3,0.0,0.0,10385.3,order_ORD0114,2026-10-03,paid
INV-2026-2016,2026-09-07,Pooja Nair,B2C,81117.23,0.0,0.0,81117.23,order_ORD0115,2026-09-22,paid
INV-2026-2017,2026-09-13,Meera Krishnan,B2C,83774.34,0.0,0.0,83774.34,order_ORD0116,2026-09-28,paid
INV-2026-2018,2026-09-04,Arjun Patel,B2C,42080.2,0.0,0.0,42080.2,order_ORD0117,2026-09-19,paid
INV-2026-2019,2026-09-19,Flipkart India Pvt Ltd,B2B,74348.16,0.0,0.0,74348.16,order_ORD0118,2026-10-04,paid
INV-2026-2020,2026-09-11,Ananya Sharma,B2C,84594.97,0.0,0.0,84594.97,order_ORD0119,2026-09-26,paid
INV-2026-2021,2026-09-04,Reliance Retail Ventures,B2B,47752.45,0.0,0.0,47752.45,order_ORD0120,2026-09-19,paid
INV-2026-2022,2026-09-03,Pine Labs Pvt Ltd,B2B,44432.04,0.0,0.0,44432.04,order_ORD0121,2026-09-18,paid
INV-2026-2023,2026-09-09,Delhivery Logistics Ltd,B2B,35489.51,0.0,0.0,35489.51,order_ORD0122,2026-09-24,paid
INV-2026-2024,2026-09-05,Swiggy Technologies Pvt Ltd,B2B,29831.77,0.0,0.0,29831.77,order_ORD0123,2026-09-20,paid
INV-2026-2025,2026-09-07,Infosys Limited,B2B,74519.58,0.0,0.0,74519.58,order_ORD0124,2026-09-22,paid
INV-2026-2026,2026-09-04,Meera Krishnan,B2C,64422.72,0.0,0.0,64422.72,order_ORD0125,2026-09-19,paid
INV-2026-2027,2026-09-07,Ananya Sharma,B2C,1679.97,0.0,0.0,1679.97,order_ORD0126,2026-09-22,paid
INV-2026-2028,2026-09-06,Tata Consultancy Services,B2B,82387.23,0.0,0.0,82387.23,order_ORD0127,2026-09-21,paid
INV-2026-2029,2026-09-18,Meera Krishnan,B2C,72702.11,0.0,0.0,72702.11,order_ORD0128,2026-10-03,paid
INV-2026-2030,2026-09-09,Ananya Sharma,B2C,11510.53,0.0,0.0,11510.53,order_ORD0129,2026-09-24,paid
INV-2026-2031,2026-09-20,Vikram Aditya Singh,B2C,45152.36,0.0,0.0,45152.36,order_ORD0130,2026-10-05,paid
INV-2026-2032,2026-09-06,Kavita Sundaram,B2C,55399.32,0.0,0.0,55399.32,order_ORD0131,2026-09-21,paid
INV-2026-2033,2026-09-04,Pooja Nair,B2C,19298.39,0.0,0.0,19298.39,order_ORD0132,2026-09-19,paid
INV-2026-2034,2026-09-11,Flipkart India Pvt Ltd,B2B,46858.7,0.0,0.0,46858.7,order_ORD0133,2026-09-26,paid
INV-2026-2035,2026-09-05,Meera Krishnan,B2C,12713.31,0.0,0.0,12713.31,order_ORD0134,2026-09-20,paid
INV-2026-2036,2026-09-12,Tata Consultancy Services,B2B,72718.22,0.0,0.0,72718.22,order_ORD0135,2026-09-27,paid
INV-2026-2037,2026-09-10,Swiggy Technologies Pvt Ltd,B2B,65888.46,0.0,0.0,65888.46,order_ORD0136,2026-09-25,paid
INV-2026-2038,2026-09-19,Swiggy Technologies Pvt Ltd,B2B,80411.75,0.0,0.0,80411.75,order_ORD0137,2026-10-04,paid
INV-2026-2039,2026-09-15,Flipkart India Pvt Ltd,B2B,31948.4,0.0,0.0,31948.4,order_ORD0138,2026-09-30,paid
INV-2026-2040,2026-09-05,Reliance Retail Ventures,B2B,75325.25,0.0,0.0,75325.25,order_ORD0139,2026-09-20,paid
INV-2026-2041,2026-09-07,Meera Krishnan,B2C,35926.58,0.0,0.0,35926.58,order_ORD0140,2026-09-22,paid
INV-2026-2042,2026-09-10,Flipkart India Pvt Ltd,B2B,10525.98,0.0,0.0,10525.98,order_ORD0141,2026-09-25,paid
INV-2026-2043,2026-09-13,Infosys Limited,B2B,74255.47,0.0,0.0,74255.47,order_ORD0142,2026-09-28,paid
INV-2026-2044,2026-09-10,Reliance Retail Ventures,B2B,34873.15,0.0,0.0,34873.15,order_ORD0143,2026-09-25,paid
INV-2026-2045,2026-09-07,Vikram Aditya Singh,B2C,81871.62,0.0,0.0,81871.62,order_ORD0144,2026-09-22,paid
INV-2026-2046,2026-09-15,Vikram Aditya Singh,B2C,83683.69,0.0,0.0,83683.69,order_ORD0145,2026-09-30,paid
INV-2026-2047,2026-09-02,Pooja Nair,B2C,78785.53,0.0,0.0,78785.53,order_ORD0146,2026-09-17,paid
INV-2026-2048,2026-09-15,Zomato Media Ltd,B2B,78384.37,0.0,0.0,78384.37,order_ORD0147,2026-09-30,paid
INV-2026-2049,2026-09-16,Reliance Retail Ventures,B2B,25936.82,0.0,0.0,25936.82,order_FZ0200,2026-10-01,paid
INV-2026-2050,2026-09-22,Vikram Aditya Singh,B2C,20154.14,0.0,0.0,20154.14,orderFZ0201,2026-10-07,paid
INV-2026-2051,2026-09-17,Rohan Verma,B2C,28203.11,0.0,0.0,28203.11,order_FZ0202,2026-10-02,paid
INV-2026-2052,2026-09-05,Infosys Limited,B2B,32380.76,0.0,0.0,32380.76,order_FZ0203,2026-09-20,paid
INV-2026-2053,2026-09-10,Delhivery Logistics Ltd,B2B,14350.41,0.0,0.0,14350.41,order_FZ0204,2026-09-25,paid
INV-2026-2054,2026-09-17,Ananya Sharma,B2C,53509.8,0.0,0.0,53509.8,order_FZ0205,2026-10-02,paid
INV-2026-2055,2026-09-23,Arjun Patel,B2C,3316.05,0.0,0.0,3316.05,order_FZ0206,2026-10-08,paid
INV-2026-2056,2026-09-19,Rohan Verma,B2C,5862.45,0.0,0.0,5862.45,orderFZ0207,2026-10-04,paid
INV-2026-2057,2026-09-17,Vikram Aditya Singh,B2C,49455.37,0.0,0.0,49455.37,order_FZ0208,2026-10-02,paid
INV-2026-2058,2026-09-18,Rohan Verma,B2C,17773.92,0.0,0.0,17773.92,order_FZ0209,2026-10-03,paid
INV-2026-2059,2026-09-11,Rohan Verma,B2C,7416.55,0.0,0.0,7416.55,order_FZ0210,2026-09-26,paid
INV-2026-2060,2026-09-07,Tata Consultancy Services,B2B,24833.01,0.0,0.0,24833.01,order_FZ0211,2026-09-22,paid
INV-2026-2061,2026-09-17,Tata Consultancy Services,B2B,32783.21,0.0,0.0,32783.21,order_AMT0300,2026-10-02,paid
INV-2026-2062,2026-09-22,Infosys Limited,B2B,72547.63,10.0,7254.76,65292.87,order_AMT0301,2026-10-07,paid
INV-2026-2063,2026-09-21,Reliance Retail Ventures,B2B,118439.46,2.0,2368.79,116070.67,order_AMT0302,2026-10-06,paid
INV-2026-2064,2026-09-19,Rohan Verma,B2C,28628.1,0.0,0.0,28628.1,order_AMT0303,2026-10-04,paid
INV-2026-2065,2026-09-08,Swiggy Technologies Pvt Ltd,B2B,147590.25,0.0,0.0,147590.25,order_AMT0304,2026-09-23,paid
INV-2026-2066,2026-09-24,Zomato Media Ltd,B2B,78576.6,10.0,7857.66,70718.94,order_AMT0305,2026-10-09,paid
INV-2026-2067,2026-09-14,Flipkart India Pvt Ltd,B2B,67187.57,0.0,0.0,67187.57,order_AMT0306,2026-09-29,paid
INV-2026-2068,2026-09-06,Ananya Sharma,B2C,5775.33,0.0,0.0,5775.33,order_DFT0400,2026-09-21,paid
INV-2026-2069,2026-09-10,Ananya Sharma,B2C,42984.47,0.0,0.0,42984.47,order_DFT0401,2026-09-25,paid
INV-2026-2070,2026-09-14,Ananya Sharma,B2C,42910.28,0.0,0.0,42910.28,order_DFT0402,2026-09-29,paid
INV-2026-2071,2026-09-18,Ananya Sharma,B2C,43588.83,0.0,0.0,43588.83,order_DFT0403,2026-10-03,paid
INV-2026-2072,2026-09-13,Vikram Aditya Singh,B2C,17519.71,0.0,0.0,17519.71,order_DUP0500,2026-09-28,paid
INV-2026-2073,2026-09-14,Vikram Aditya Singh,B2C,24732.63,0.0,0.0,24732.63,order_DUP0501,2026-09-29,paid
INV-2026-2074,2026-09-15,Vikram Aditya Singh,B2C,16332.89,0.0,0.0,16332.89,order_DUP0502,2026-09-30,paid
INV-2026-2075,2026-09-15,Vikram Aditya Singh,B2C,16332.89,0.0,0.0,16332.89,order_DUP0502,2026-09-30,paid
INV-2026-2076,2026-09-16,Delhivery Logistics Ltd,B2B,20609.63,0.0,0.0,20609.63,order_SPL1_00,2026-10-01,paid
INV-2026-2077,2026-09-16,Pooja Nair,B2C,19838.77,0.0,0.0,19838.77,order_SPL2_00,2026-10-01,paid
INV-2026-2078,2026-09-17,Delhivery Logistics Ltd,B2B,16973.11,0.0,0.0,16973.11,order_SPL1_01,2026-10-02,paid
INV-2026-2079,2026-09-17,Pooja Nair,B2C,26863.22,0.0,0.0,26863.22,order_SPL2_01,2026-10-02,paid
INV-2026-2080,2026-09-18,Delhivery Logistics Ltd,B2B,23224.47,0.0,0.0,23224.47,order_SPL1_02,2026-10-03,paid
INV-2026-2081,2026-09-18,Pooja Nair,B2C,16389.54,0.0,0.0,16389.54,order_SPL2_02,2026-10-03,paid
INV-2026-2082,2026-09-29,Pine Labs Pvt Ltd,B2B,75000.0,10.0,7500.0,67500.0,order_DEBTOR_UNPAID_993,2026-10-14,overdue
